feature,coefficient,odds_ratio
Shipping Mode_First Class,3.532914058793779,34.22355188940612
Shipping Mode_Second Class,1.6839628921236744,5.386861278053133
Type_TRANSFER,-0.44505934032475736,0.6407862504399032
Shipping Mode_Same Day,0.3187591502996939,1.375420015511226
Order Region_Canada,-0.26895900774739606,0.7641745802435885
Order Region_Central Africa,0.10058233622324235,1.1058146865607785
Order Region_South of  USA ,0.09935732531277866,1.10446088088745
Order Region_East of USA,0.09914922230089851,1.1042310631653431
Order Region_West Africa,-0.08503286048885328,0.918482102134679
Order Region_Central Asia,0.07196217768722374,1.074614698881916
Category Name_grouped_Women's Apparel,-0.06414689569700274,0.937867220752334
Order Region_Southern Africa,-0.06047842412008577,0.9413140784788264
Order Region_West Asia,-0.058400939025971106,0.9432716771827364
Order Region_Caribbean,-0.053627695806100925,0.9477849051186108
Order Region_East Africa,0.05164577274043752,1.0530026741901906
Category Name_grouped_Shop By Sport,-0.05127500119084415,0.9500173786958266
Market_USCA,-0.049762319321003626,0.9514555402268159
Order Region_Northern Europe,-0.04265801557705942,0.9582390368628478
Category Name_grouped_Men's Footwear,-0.040253159847620776,0.9605462366301674
Category Name_grouped_Water Sports,-0.03627972700142037,0.9643704952830577
Order Region_Western Europe,0.03414114014314163,1.0347306384528305
Category Name_grouped_Electronics,0.033482009156303776,1.0340488401478747
Type_CASH,-0.02827287853802294,0.9721230590853608
Market_Africa,0.026683922740978572,1.0270431264784832
Type_PAYMENT,0.024317414664106283,1.0246154942629664
Category Name_grouped_Fishing,0.023682860750444432,1.0239655267326129
Category Name_grouped_Indoor/Outdoor Games,-0.023661517313972164,0.9766162215003744
Category Name_grouped_Cardio Equipment,-0.021977637017603982,0.9782621116649778
Order Region_Southeast Asia,0.02036470065612547,1.0205734759798322
Order Region_North Africa,0.019967098386237617,1.0201677743084925
Category Name_grouped_Other,0.017547769520377586,1.017702636156435
Sales,-0.01536257285791081,0.9847548294948871
Order Region_West of USA ,0.01383760528433443,1.0139337880787966
Order Region_Southern Europe,0.012597732518957093,1.0126774182193978
Market_Pacific Asia,0.012054227396800602,1.0121271723997591
Order Region_Eastern Asia,-0.010641243089167769,0.9894151746424751
Customer Segment_Home Office,0.010168123250546505,1.0102199942770231
Customer Segment_Corporate,-0.009993903374130614,0.990055869730996
Order Region_Oceania,-0.00856924197823077,0.9914673693241375
Market_Europe,0.007080471784292869,1.0071055975904846
Order Region_South America,-0.007065237114179839,0.9929596629973191
Order Region_US Center ,0.006852535528381132,1.0068760678713282
Order Item Quantity,0.004547958177888643,1.0045583158357947
Order Item Discount Rate,0.0033254506262771497,1.00333098607146
Order Region_Eastern Europe,0.0029996146992542494,1.003004118045068
Order Region_South Asia,-0.002661226853177144,0.997342311071902
Category Name_grouped_Camping & Hiking,0.0025522014719644055,1.0025554611106362
